#{"t_start": 1783832191.6869724, "env_id": "LunarLander-v3"}
r,l,t
-69.391513,79,3.797448
-425.651887,135,3.872266
-134.571899,64,3.906757
-120.109292,65,3.947183
-115.871861,100,4.009456
-79.088227,61,4.044218
-113.992007,72,4.103924
-289.591745,80,4.147095
-271.056548,85,4.197841
-107.912067,85,4.2442
-124.644663,57,4.283377
-288.59501,70,4.323813
-516.811647,96,4.381831
-218.420491,98,4.452661
-102.072608,63,4.487429
-164.046083,98,4.548833
-131.918712,85,4.595173
-199.037487,78,4.641816
-85.41348,91,4.694935
-88.662853,74,4.744399
-19.564115,123,4.82006
-127.441291,107,4.879337
-175.64719,98,4.934608
-325.500046,93,6.182493
-424.529281,102,6.251158
-208.967982,118,6.324118
-258.615366,126,6.398809
-212.376094,80,6.440411
-298.859467,87,6.489758
-120.769505,109,6.552729
-167.557127,69,6.626319
-99.373758,112,6.705308
-148.893105,79,6.748662
-412.652105,79,6.79196
-4.188333,93,6.843961
25.958531,85,6.891482
-166.223651,81,6.938205
-127.935045,106,6.996974
-216.941937,93,7.051185
-232.37903,101,7.107558
-163.763997,67,7.144973
-464.020262,110,7.209366
-92.901158,86,7.256862
-82.208289,79,7.308597
-85.832967,63,7.361785
-185.284988,81,7.409271
-108.055981,89,8.623456
-115.329304,92,8.680068
-63.061648,72,8.723431
-158.355704,107,8.788298
-248.205201,118,8.849559
-117.121481,140,8.92717
-148.144182,98,8.977809
-134.538046,106,9.033559
-129.521008,154,9.114701
-59.811091,69,9.150388
-294.682509,84,9.201543
-101.510017,70,9.252361
-86.292392,76,9.300721
-221.590286,90,9.36103
-107.546655,86,9.413028
-227.247396,111,9.478817
-157.594221,107,9.548825
-184.327809,100,9.602797
-195.238552,83,9.648613
-171.063946,116,9.721513
-211.07317,121,10.924631
-332.78905,169,11.027388
-58.206743,70,11.070022
-80.282727,120,11.137533
-163.505667,112,11.196818
-137.959464,93,11.243697
-66.60393,72,11.281239
-210.756007,117,11.341292
-120.905815,129,11.409588
-122.432411,108,11.46623
-169.251577,117,11.527344
-318.334938,144,11.611189
-107.982646,63,11.644231
-79.469053,70,11.687829
-99.108512,86,11.745733
-58.915241,121,11.814127
-137.65114,79,11.861362
-265.553449,147,11.940622
-322.69429,111,12.005822
-99.851604,103,12.063209
-81.450342,93,13.1949
-345.853785,164,13.293847
-156.64387,83,13.344169
-90.824526,80,13.387099
-92.438738,74,13.428725
-197.964264,171,13.516448
-233.843874,113,13.588256
-134.806635,92,13.640498
-332.75179,115,13.70295
-160.529226,94,13.754167
-232.599491,117,13.840295
-87.943232,106,13.898626
-166.758646,100,13.95108
-153.675197,125,14.046971
-81.617751,138,14.128626
-82.323644,104,14.182243
-64.095942,65,14.223544
-105.626927,76,14.263554
-159.613891,92,14.310849
-406.97509,115,15.547562
-59.520719,132,15.628845
-163.448305,143,15.714458
-100.424654,106,15.775786
-298.925644,135,15.847141
-163.530428,110,15.906392
-76.680015,121,15.988527
-49.288487,169,16.084525
-202.935003,164,16.19285
-387.427886,146,16.280534
-51.755448,82,16.322595
-312.106741,107,16.391343
-77.727316,136,16.478648
-332.033491,139,16.549646
-195.546278,118,16.614958
-78.88713,75,16.657168
-402.689922,99,16.725361
-120.627333,147,17.988588
-24.336987,76,18.043357
-41.090803,80,18.092509
-156.916922,98,18.145711
-191.423531,104,18.200004
-37.801593,92,18.246682
-27.67738,86,18.292052
-195.422249,156,18.392248
-189.078836,157,18.479539
-343.25565,228,18.619901
-112.866797,175,18.731155
-50.747716,90,18.808949
-167.269432,172,18.914948
-72.841416,85,18.9658
-451.01881,143,19.047175
-117.120531,189,20.266972
-111.709601,109,20.331502
-294.343186,125,20.40633
-57.157979,88,20.456486
-19.65806,91,20.505192
-55.833207,158,20.595756
-248.444447,135,20.670531
-53.052811,92,20.721805
-58.324087,122,20.806965
-178.285579,107,20.863604
-55.616521,97,20.914654
-81.859189,93,20.967122
-70.240194,112,21.037066
-92.220435,100,21.099678
-71.135735,107,21.167783
-77.205203,145,21.279398
-23.137549,146,21.375325
-93.447259,107,21.44406
-119.260951,108,22.83727
-43.856309,121,22.914456
-150.51947,161,23.015501
-118.637612,109,23.093664
-110.78005,99,23.153453
-48.913961,128,23.236664
-35.598086,88,23.293878
-27.804702,96,23.351837
-211.87737,98,23.407157
-35.060152,142,23.491249
-159.626134,175,23.587416
-5.759235,173,23.684288
-51.981237,79,23.739504
-70.066307,114,23.815196
-164.366986,128,23.883321
-10.865089,106,23.942023
-16.292716,100,23.992814
-143.678958,139,25.241849
-25.585436,130,25.329011
-141.391081,204,25.456478
-118.005563,187,25.576788
-57.20331,158,25.680309
-30.985212,155,25.774462
-76.533825,158,25.864583
-250.060199,126,25.951456
-10.920431,158,26.057381
-67.442158,143,26.135822
-16.012717,169,26.230988
-139.173221,109,26.29685
-61.016026,114,26.357273
-9.178943,135,26.438899
-47.12277,154,27.65736
-105.498754,151,27.745177
-86.412965,187,27.857271
1.275685,127,27.924444
11.123194,133,27.992584
-16.18352,159,28.085524
-170.823092,244,28.243413
-73.059169,213,28.360361
-52.881058,162,28.47846
-36.313058,210,28.60581
-181.523353,357,28.82606
-48.559809,135,30.217516
-39.62905,149,30.315971
-140.372514,159,30.406097
-93.648351,153,30.49198
-167.499952,230,30.626089
-214.847177,312,30.807094
53.085202,1000,32.706017
-46.781968,186,32.833883
-34.28205,206,32.95266
-132.676039,520,33.272306
-81.825846,134,33.360341
-115.409612,119,33.428251
-89.97088,156,33.51804
-522.096714,192,33.627608
-205.981549,194,33.742521
-56.119512,207,33.865428
-48.815937,92,35.166151
-108.001002,272,35.332936
-174.771657,181,35.448055
-362.015591,401,35.679631
-484.163679,419,35.931535
-158.121878,260,36.082754
-314.508482,298,36.29363
-124.766023,277,37.787023
-258.72215,205,37.917665
-48.665367,167,38.023106
-361.382442,425,38.289985
-264.175774,341,38.508019
80.944429,1000,40.421993
-50.204198,251,40.571681
-286.282554,184,40.693279
-168.717174,235,40.835528
-246.073757,250,40.994741
-110.416089,529,41.351218
-8.844367,211,41.501536
-200.821236,173,41.614267
-160.884443,350,43.130053
-227.131239,209,43.238507
-42.438589,151,43.346387
-61.752285,256,43.519958
-191.814557,334,43.709843
-22.788718,179,43.828815
-235.626524,284,44.017395
-242.297937,218,44.14746
-214.036396,200,45.702206
-39.964545,273,45.866476
-111.405091,125,45.931368
-17.450596,271,46.092922
9.887937,214,46.245279
-19.525066,282,46.424542
104.396763,1000,48.434744
-11.522421,275,48.670773
-35.792611,208,48.809313
4.107027,242,48.978535
-42.606936,223,49.104489
-117.69463,285,49.281301
-18.148465,212,49.404923
-14.573453,251,49.54933
-37.513163,136,49.631172
20.07705,1000,51.568664
-19.017952,312,51.776428
88.478752,1000,53.646942
42.985571,244,53.805483
-155.908202,854,54.339929
70.692303,1000,56.202579
-150.698384,178,56.313351
-222.633789,377,56.543774
87.03772,1000,57.170293
26.825707,1000,59.061649
-72.044353,336,59.259706
-89.136023,427,59.507946
114.370369,1000,61.49113
-214.456917,607,61.881216
6.660436,1000,63.765505
-51.044214,336,63.992285
81.235593,1000,64.622605
102.017583,1000,66.735592
-65.275413,1000,67.326676
52.687182,1000,69.182782
-112.258081,1000,69.760013
-6.664794,1000,71.471519
-76.948436,1000,72.026822
-109.349884,1000,73.70216
-195.198521,992,74.264437
-148.805471,807,74.73212
86.488285,1000,76.51083
23.865125,1000,77.121831
-65.714159,541,78.723575
95.454593,1000,79.327889
-94.513133,505,79.626515
20.074976,1000,81.477605
54.87178,1000,82.04069
97.404689,1000,83.676463
82.067944,1000,84.252621
111.977136,1000,85.913874
6.89233,209,86.033611
60.553803,1000,86.593856
93.43662,1000,88.597019
-42.575361,559,88.988193
13.990191,365,89.237065
92.568832,1000,90.996543
-81.303885,548,91.309208
-48.666799,287,91.473392
51.90449,1000,93.168729
99.874604,1000,93.7558
100.457448,1000,95.457132
234.354789,812,95.932225
70.87502,1000,97.589414
132.98355,1000,98.150165
227.398431,681,99.728587
108.612171,1000,100.336127
-63.252015,301,100.516516
-23.824182,301,100.683656
-13.774216,325,100.863725
100.706172,1000,102.554916
117.5601,1000,103.125785
117.546897,1000,104.802219
91.192653,1000,105.3965
155.901512,784,107.046155
191.06596,833,107.523964
37.126384,1000,109.229136
-64.685047,380,109.461837
-108.127814,771,109.897908
-188.116575,917,111.518258
-58.802811,465,111.776806
-18.74698,261,111.935696
-155.932564,792,112.382232
183.384434,606,113.906956
184.372092,511,114.230438
144.94165,648,114.626588
-84.59131,851,116.474255
170.486591,436,116.749842
-88.696961,356,116.973147
-107.106549,549,117.293656
227.801539,625,118.775727
240.524759,548,119.081332
187.555577,639,119.436409
179.013086,615,120.868226
-58.579738,235,121.021125
185.677103,777,121.477517
141.311313,488,121.744924
